{ "Lat": 21.0058485, "Lng": 105.8421042, "Alt": 15 }
